rms,kurtosis,crest,variance,label
0.28003435896575773,4.514017039968154,3.393897617715551,0.07822418610150206,inner
0.2736151805240387,5.656792225702794,4.239939077798608,0.07468661705636857,inner
0.280215035698648,4.403469110958892,4.140076542646338,0.0782000936282391,inner
0.29934068914224815,4.285033446001074,3.775167353510912,0.08939603465283819,inner
0.2847462450988385,5.486046740505652,3.9686605764218865,0.08097400630996812,inner
0.2861219395545175,6.523596429979841,4.83350803605159,0.0816053642712985,inner
0.32534542892444895,5.725706637680935,4.250782618208696,0.10540392628816617,inner
0.3176708296856406,5.632237718449474,3.699484036559712,0.10064576743060649,inner
0.26977896824466285,6.058660774226886,4.302638727726132,0.07262091912295922,inner
0.2812918714806668,3.8142327192892496,2.900009932647313,0.07888506781387236,inner
0.2849980268833938,4.772993201404737,3.7035465972380006,0.08094594727775173,inner
0.2725556181149257,6.8224469288653635,4.690884431446331,0.07401110667200456,inner
0.274390194637429,5.554187611515713,4.659521115217254,0.07502559097847293,inner
0.24982063196659662,3.957337404419661,3.2835454718205486,0.062153336410018224,inner
0.30631578061613185,6.391647761806301,4.840455365391405,0.09358609276063128,inner
0.315194787067919,6.186929728134774,4.70410020925108,0.09921601638922527,inner
0.25418136324816243,5.73259725817691,3.9474247174952817,0.06436486114143578,inner
0.287494897527417,5.222324738552487,3.776471917051822,0.08236505417599838,inner
0.30338727696307993,5.087893960716927,3.5786484446409004,0.09182915413847027,inner
0.25400606680256294,5.800975263462984,4.085081988141934,0.06431001163985645,inner
0.30875357697289535,5.333643420649696,3.6479745442911518,0.09504644667419211,inner
0.3355729564607423,5.565218490190126,3.520034139757144,0.11236811676193925,inner
0.28095272337266364,5.820397627413021,4.20436665953155,0.07873260162930751,inner
0.274973204794793,4.821189887215517,4.143976266944686,0.07528795713491583,inner
0.26673965140751316,4.7653443758807725,4.271889944707547,0.0709142595931554,inner
0.27408861341972607,4.453341860708068,3.7502086927227536,0.07488979815604356,inner
0.2834792424295978,5.035912555675536,3.625978014565504,0.08007670445660263,inner
0.27971819094245004,5.194018231849422,4.30364125415174,0.0779806156563649,inner
0.2871782255821594,4.751123552714018,4.191845477307616,0.08219854332446519,inner
0.30013334985346557,5.480744865501294,3.7197354005467322,0.08995136007390857,inner
0.27652028024705017,6.314104343666291,4.037377096918224,0.07624493226573459,inner
0.2888345494010355,4.593982715163327,3.259561619627754,0.0830936359137254,inner
0.2983131695440524,4.797353231588453,3.295931726690244,0.08875543251852729,inner
0.2597119084419295,4.546207801174891,3.7858096143505264,0.06718340553225666,inner
0.2687602614495524,3.744129772261922,3.0394607549317976,0.0720043326467445,inner
0.27220852199892737,4.067279352013221,3.145366508955633,0.07387198819108853,inner
0.30492717752853987,6.474639217203091,4.244031931516458,0.09285707412157045,inner
0.31716742119222674,6.742794262717193,4.080244665010401,0.10044195658506,inner
0.2783251397936299,5.263182176005678,4.211959910575638,0.07709735035746158,inner
0.30511615718622553,4.641439945182277,4.221705563871386,0.0927090650763168,inner
0.3158614944849812,5.380482898547465,4.078086759308215,0.09955788761177678,inner
0.2563205190779074,6.462454251204045,4.3707585074091115,0.0655039453401128,inner
0.28489146434089124,5.7303648927416875,4.661098528293235,0.0808571016399462,inner
0.3058240134114045,5.014019385842473,4.342063170193871,0.09329971907430001,inner
0.24945469521461283,4.134386692029627,3.740919044166879,0.061975190343286246,inner
0.29898664950114684,6.686038397124424,5.232926526143719,0.08914441847089671,inner
0.3154821244733224,6.065749239272253,4.959314800408128,0.09934467967391797,inner
0.27004538709685255,4.87830057757916,3.441241440529002,0.07273921935460209,inner
0.2759054626692614,5.375354659060501,3.9056662375684486,0.0759559472284925,inner
0.2803764328117605,4.595240546546419,3.8433852642591444,0.078293607948113,inner
0.28841756448330536,4.669189469750398,3.7925504476573404,0.08289437908490477,inner
0.3124029088129168,7.190546081222193,5.011836224627822,0.09745104647092351,inner
0.295123470900481,7.995603599164282,5.305278533967603,0.08685610031780595,inner
0.29717327036498026,4.896304644444271,3.6409075335364003,0.08796478437039693,inner
0.31336706160007155,5.1693087141367995,4.020355105072542,0.09787610766238863,inner
0.2593731222973372,6.283264511684654,4.857276091766704,0.06714240227540771,inner
0.2701784672971864,3.613490891005307,3.037935326549231,0.0728534707044779,inner
0.2926691709556082,4.32642323139428,3.794067352229615,0.08535974047252395,inner
0.2949661043801009,6.369623229392535,4.479319234452974,0.08673256900692067,inner
0.30384914982001043,6.606506830124941,4.348366107514881,0.09215224304159159,inner
0.265372145306407,6.092136384726503,4.352053493355094,0.07018803323281506,inner
0.3007218415608552,4.801757579989602,4.039247343960771,0.09012844638403292,inner
0.3192604538764083,5.166495402629946,3.8046989067094423,0.10180897384987858,inner
0.2615347173831145,6.295223718977778,3.7320960827076304,0.06822721179288552,inner
0.2934949737077424,5.978074794957699,4.066759024347717,0.08586213264085282,inner
0.3127784147192052,5.043745529356083,3.816034856571713,0.09759134812241298,inner
0.2630459632873493,4.421606442983645,3.4858786486488555,0.06883010856111452,inner
0.31573241380334766,6.360612330235443,4.927601995058241,0.09943561026848077,inner
0.3314988595600256,6.025246754198259,4.6932398930429855,0.10968868802533932,inner
0.27940277401294716,4.990175967171641,3.6724857790998935,0.07787060581820503,inner
0.2944038274859071,5.517557513082833,4.120413646959881,0.08653797333063543,inner
0.2848090764305701,5.39992661504756,4.259223630367661,0.0808221013594492,inner
0.2704645910064135,4.33616772217907,3.688751132948618,0.07293085138865973,inner
0.27305589789886087,5.630845114203145,3.8512445167710925,0.07444005612526447,inner
0.28870907083240593,6.115802859595981,3.8764907534692714,0.0830895291674448,inner
0.3111130364367398,5.845973871891949,3.889717158875657,0.09646168354425644,inner
0.3109690213519051,6.255111485255232,4.339696126589732,0.09645975238451154,inner
0.27439334327328335,6.686270642538839,4.918162522799846,0.07509086605133561,inner
0.2798101140182267,4.944243129559187,3.4668603666002715,0.0781164718988647,inner
0.29457128006376376,5.686311079624119,4.110902772131594,0.08658027222315984,inner
0.26999614486276957,6.331793727660987,4.485078453185137,0.07269235610522799,inner
0.2748109468955765,5.273692252143351,3.93658977525837,0.07529575579699119,inner
0.27398651803770435,4.766509596124266,3.948435023098982,0.07483983124258566,inner
0.30545416593527674,7.134044732538162,5.18753668082485,0.09316324641338734,inner
0.3130502024226399,7.498562081793181,5.061663202419321,0.09786028875328512,inner
0.26865407182266304,5.29959199047582,4.211217312084506,0.07190343468853178,inner
0.2857398419014173,5.006152534619992,4.178838450945291,0.0813341119675058,inner
0.30005834768461637,5.634844889039298,3.979428159684658,0.08976901215172586,inner
0.2516591346368164,5.997321128975636,4.486571043833315,0.06321456655474686,inner
0.30814832265575665,5.308672409351808,4.318273002216016,0.0947853507872485,inner
0.3360129687885458,4.958739334901766,3.9601703090088427,0.11269079118443918,inner
0.2684699958647152,4.890880815610939,4.252827295815089,0.07192087334625008,inner
0.28726705005494724,5.949907946914152,4.952775825246183,0.08224311677006127,inner
0.2959803685936076,5.760918604634121,4.806971853157009,0.08733992875143924,inner
0.271014225730668,3.873695386889623,3.093297785462423,0.07322180693190544,inner
0.27619005705130295,5.8993221355351935,4.365086655793989,0.07606581544282785,inner
0.26826974043623003,6.067222751637586,4.493960185462345,0.07176517854809725,inner
0.2769745097838779,4.113735788688699,3.530503516182387,0.07649943035690743,inner
0.31375050294969165,6.107413140417092,4.803930365726171,0.09835793347979295,inner
0.29266749078400706,6.854090872816783,5.149993134904205,0.08547365427571385,inner
0.28841459414429,4.385475360138173,3.4107398354307037,0.08284943490542704,inner
0.3081445494507324,4.7224625033108145,3.4611972317253428,0.09473529870978806,inner
0.27070155916772737,4.961810489090406,3.9399442868425325,0.07303081605517708,inner
0.2883576216456682,5.042843335216693,4.055841933539271,0.08298955841997,inner
0.29588569834704104,5.3926445105689425,3.952651109093956,0.08736210344958595,inner
0.29161329177686507,6.94672504690106,5.181979196662032,0.0848595092954666,inner
0.29242768408058384,6.425131640799958,5.167547717687605,0.08533008966433867,inner
0.2568078991173913,3.9974472351188566,3.4358274314746833,0.06567416436144068,inner
0.30610319924337204,4.765638952982451,4.293527926365321,0.09341357215367031,inner
0.32843857230610546,4.374213054901817,4.001547763109531,0.10769898297350915,inner
0.26451102667785026,4.102059088752027,3.4622725284197275,0.06982355909257373,inner
0.2880221986323212,4.077559265495666,3.5044934058907846,0.08269616157360493,inner
0.31792536812967137,4.778187579154964,3.8135233282402816,0.10081509424494946,inner
0.2663616018373275,6.0614712333237195,4.551766469209418,0.07076050662218977,inner
0.29069535193645824,6.12920357573121,4.779256547921741,0.08433493903099837,inner
0.3157297463034969,5.541078658650341,4.4003065295442525,0.09944402269458921,inner
0.2888544718585899,4.35793802111722,3.249776984256046,0.08327462119415266,inner
0.28868982202842786,5.522323901663473,4.248106914539381,0.08321917672459297,inner
0.2796156648497064,5.360842591166091,4.385967537839857,0.07787486608289483,inner
0.27554535736491326,4.417540334465612,3.85358858114306,0.07565916130679123,inner
0.29415959990055124,7.830318407416225,5.074724205202115,0.08633895690496363,inner
0.28247655656747095,8.268397124662773,5.284611437941932,0.07957831932561335,inner
0.2855806408193098,3.8522295981414487,3.491226937294441,0.08137751673392032,inner
0.30697592534061263,4.542920633680141,3.7691080415540728,0.09395576153422819,inner
0.26977554760398614,5.90144794174111,4.28884470438097,0.07266199970789472,inner
0.27633924064461884,3.5401918306464926,2.8303079490017344,0.07626149070808068,inner
0.291985874136561,4.312578480600957,3.5743020490686264,0.08498329602266963,inner
0.279727685637293,5.2509428381090455,3.7582270661186947,0.0780413968960244,inner
0.27355184507842406,4.641076033365215,3.8430746427425553,0.07462586775019048,inner
0.25340099857079634,4.430290387197247,3.499969664821393,0.06395977273599596,inner
0.3078865471017952,5.8388411900772414,4.419019470229889,0.09456421117764274,inner
0.32335423442981304,5.366148862580177,4.207635161125884,0.1043825023619575,inner
0.27448428278495607,4.354771857829275,3.2624996260161527,0.07516947545046537,inner
0.2873205377491037,4.544794389717297,3.7917665869810677,0.08232354215912838,inner
0.3073836418405353,4.419525401011641,3.5442758381411203,0.0942574745710406,inner
0.27092308697043116,4.740726598084186,3.900149412838279,0.07312428183690003,inner
0.3065536584740376,5.471247123302858,4.4392930206618075,0.09374973048416739,inner
0.3317917233827212,4.992859120900275,4.101613815683195,0.10994532164256648,inner
0.2657930394957441,4.7653221795006075,4.071373862826559,0.07049775506574245,inner
0.27556061752277283,4.682376543275305,3.9653747592492263,0.07574808570153117,inner
0.2959427994247505,4.318897097487302,3.692271342702783,0.08723631874135411,inner
0.2806519954059788,4.569371540972148,3.7007049163801593,0.07855742526039644,inner
0.28444763998634326,5.301245669678361,3.8466237005868837,0.08079289911367107,inner
0.2776280538631942,5.363711635856311,4.138283780237149,0.07688164162383224,inner
0.2753769210691194,4.679291539672161,4.172113145055847,0.07555411849606494,inner
0.30357069964530775,5.9999830760546615,4.705508575552846,0.09199145921840644,inner
0.2903507062816177,6.8160329162527145,4.919755659421948,0.08412586511032419,inner
0.29865129145972635,4.024945618462075,2.9713017785325397,0.08892001352281037,inner
0.32247426013558683,4.164707895060224,3.663519369700135,0.10377980674241266,inner
0.29199615133452617,4.972411440015068,4.0459118820533355,0.08508778669743502,inner
0.28931916014066433,4.011847299477709,3.5286456298640663,0.083534278490179,inner
0.2799843449451163,4.458216331799669,3.2854341894448855,0.07812390728371978,inner
0.2811243534637526,5.193025477477173,4.141708091881821,0.07887724548824059,inner
0.29854569446218077,4.716977227896124,3.9000227810605175,0.08896961469952938,inner
0.2692165479505856,4.642697353841448,3.8331610248847494,0.07217330047403418,inner
0.3035524706597235,5.942537699945186,4.735222413035849,0.09191370642987294,inner
0.3278462476848236,5.398667919337313,4.3843370872350445,0.10726745255157981,inner
0.26770441988551236,4.847302787247968,3.5490003261945096,0.07151414734146108,inner
0.2895341861787219,4.655832414990669,3.883396232117075,0.08363299878279984,inner
0.3219710687751119,5.167418904183429,3.70960506841477,0.10340332827720256,inner
0.2687616694321726,6.417106143587506,4.44403218309023,0.07211791475391548,inner
0.2806035700616919,5.1026115515145225,3.8877421648937283,0.07852300794298112,inner
0.29989643720547093,4.590678714386052,3.6376368493705478,0.08965396833681985,inner
0.2901446546417232,4.033710143747285,3.481096826083643,0.08395680667902286,inner
0.30406073262574734,4.828991660528144,3.9078146112461836,0.09225557999236916,inner
0.2899420634131276,5.076999853037183,4.098104840859345,0.08385430971283392,inner
0.2852339960221061,3.8682734980417868,3.4863581403029937,0.0811180686499664,inner
0.302331293815407,4.683177660153787,3.5852379246647517,0.09126452105912683,inner
0.27760428596024006,5.804785760524228,3.904585322300357,0.07688481051125769,inner
0.27460716013751446,4.350839467244285,3.7383949459735755,0.07518167236431719,inner
0.3133114087300243,5.141921109518919,4.189564268772791,0.09797200168831036,inner
0.28051542819465436,6.126153018451984,4.6793799949368,0.07854619945499941,inner
0.28113124885279417,3.368531831979032,3.1818955125520105,0.07887405869935245,inner
0.2932217685522844,3.955316752250412,3.5121496172957043,0.08569963702492041,inner
0.26757272137910143,5.125583215948732,4.005441885493743,0.071421730731035,inner
0.2818721160112582,5.626069252406099,3.907127085979723,0.07926214946585691,inner
0.2713618552955094,6.2158563707250725,4.058456108488649,0.07336417307127252,inner
0.3098199373335131,5.9280950099991205,4.21370925492717,0.0957338376100322,inner
0.3276832305753193,4.887257048194713,3.9840034994591464,0.10716730265782583,inner
0.2624695354500887,4.165547592419782,3.176671605756579,0.06874457958516722,inner
0.2931077089363841,4.3800081039309084,3.776198782661505,0.08570587492777497,inner
0.33204753880690946,3.926135148054891,3.3333569575475765,0.11002188579273768,inner
0.27427668289061646,4.9677955410328485,3.4947546038085764,0.07502129884028999,inner
0.29282906851819046,5.415124709631443,4.1814018456635225,0.0855922669245986,inner
0.31893906636526315,4.865587775821899,3.839090712700101,0.10151547279545312,inner
0.2586753518623423,4.697749337721922,4.096116399415029,0.06675108913731503,inner
0.28528954209661994,5.455193927034305,4.037967642451525,0.08124656662271923,inner
0.30937576075925577,4.799724179145333,3.7235946892550347,0.09537972542332435,inner
0.28509922275207583,4.490903636244487,3.653803320138947,0.08108679418708517,inner
0.2852503489973219,5.721764255335722,3.7674653922916552,0.08122077931768465,inner
0.2712020641097189,5.272027089192305,3.96262034912919,0.07333288855492276,inner
0.2714365859756706,3.554900698351624,2.9131452874831205,0.0734387923763237,inner
0.33032478405455395,5.943950223670778,4.554530098331242,0.10883203171722461,inner
0.3131371602332485,7.119768383167146,4.804521347947293,0.09795765520873599,inner
0.2946550001361472,4.329662176973098,3.259121638038776,0.0866308486249776,inner
0.3184793662212941,4.080314940764478,3.2336120686573766,0.10115079771829824,inner
0.2725059045477927,4.418125461716883,3.7791427818268075,0.0740444661153968,inner
0.270083577878927,3.903577668102443,3.1298178937618166,0.07273533409664891,inner
0.27902617270849966,5.226454859045582,3.986564261218973,0.07769325566643208,inner
0.30104410488299016,6.7481739213964955,4.894462430877035,0.09036633329190713,inner
0.3078990242343901,6.1555309811892185,4.785494416754064,0.09454436996680471,inner
0.26158658652017525,5.067357376687583,4.213221975673039,0.06824010231796122,inner
0.29571745374076985,4.854305534865311,4.005984042576933,0.08728190404595264,inner
0.32268886405902675,4.517374641007872,3.6711505501900232,0.103961636955856,inner
0.2714448990203544,4.773203450785936,3.7149244236932017,0.07345083793295404,inner
0.2871445354873852,5.269266855664532,4.22797584219107,0.08215626291677924,inner
0.3177896645722931,4.576453583978695,3.82026319494237,0.10070177192760263,inner
0.2722963086254838,4.433890339224532,3.5619291507122335,0.07403283554707374,inner
0.2748273412197844,6.026436063522453,4.793369159958376,0.07536957225461469,inner
0.29657539753102785,5.141412111655123,4.441868451389668,0.08763561636179705,inner
0.2942624802433278,4.225957761410353,3.712251205897778,0.08637809502297134,inner
0.3016632622974856,5.56578861348702,4.30825902605741,0.09084541104475602,inner
0.29745890047505974,5.480529416744143,4.369153084817325,0.08826545373711761,inner
0.29269445758819823,4.035015940444214,3.7498973514076965,0.08538376238510063,inner
0.31285825473221013,4.79284802323673,3.7932547393409877,0.09777462769728296,inner
0.27799237997946025,5.889184554050848,4.269005709958724,0.07706431461353255,inner
0.2621746845359119,3.790197528051198,3.0730588829804,0.0684690891004161,inner
0.3232825308561495,5.4835379140434615,4.600483804384485,0.10434780309650453,inner
0.3107627540094014,6.081537516704856,4.785824646735547,0.09634445885740622,inner
0.2896437368471269,3.7871287721983453,3.1854013024786023,0.08368060843467608,inner
0.2819159303189962,3.85827457103415,3.2243193376016976,0.07920635292923187,inner
0.28726318196905387,4.0912520313331004,3.698657711649688,0.08239182771216545,inner
0.29619522896381806,4.642688601513965,3.653478274284355,0.08757778395330432,inner
0.26118659635415137,5.416377958303393,4.143179049087599,0.06787527788695116,inner
0.30939036583691154,5.778349288831206,3.980152112473909,0.09542678623336007,inner
0.34483613770809696,4.609183000435868,3.571031523523692,0.11866166011197742,inner
0.27621507428049125,4.2027436385861074,3.234411501894314,0.07614927354838834,inner
0.2993774187820854,4.792338583043787,4.0242893461512255,0.08940731035316757,inner
0.3375346411607593,4.467684221538346,3.569356178629044,0.11372292399278935,inner
0.2710063872262051,5.841781731896659,4.174664257196705,0.07337217002634938,inner
0.29310502172557773,4.974112208527223,3.739102842841991,0.0857054280627537,inner
0.31310097884882593,4.28110025603526,3.5003078688502165,0.09772060285711684,inner
0.2694648521308456,3.737308594722058,2.999564503115182,0.07234582384770198,inner
0.2979022128889795,5.696275527945887,4.608565014646786,0.0885147156254871,inner
0.3037568212189663,5.711250180569658,4.519739542326925,0.0919956051172924,inner
0.29170130617101714,3.639560717483628,3.1634893372692967,0.08489035492120747,inner
0.3010903465047701,3.810539195843163,3.1187897440716656,0.09051510600621636,inner
0.266879892630835,4.321916236505376,3.5185771225448517,0.07098232441959519,inner
0.28306002045609613,5.110325767693251,4.06690341578252,0.07991038547087254,inner
0.3450697872232949,4.833119065182768,3.5060062942395804,0.11883626399763486,inner
0.3010038906998637,5.758603866317944,4.0192731166780415,0.09046056040757222,inner
0.2932029618890239,3.9750850975976295,3.1982555620537023,0.08578502696781128,inner
0.327121157068517,4.193152096335224,3.619422451690302,0.10668132665740762,inner
0.2951154740377896,5.07083612879918,4.011953843280469,0.0869035425146718,inner
0.28774486467353044,4.548137164228816,3.741014129435967,0.08259597851117506,inner
0.27918991299067825,5.611299569223112,3.855646476886849,0.07772208757972651,inner
0.2928792004314308,5.998833638123943,4.42970814890044,0.08549573081776998,inner
0.3027983065379491,4.979682195955487,4.284599196219311,0.0914759420252614,inner
0.2527432828962962,4.359393711534474,3.521931425536988,0.06372461247405051,inner
0.2955176450075144,6.127026986382656,4.763379979625939,0.08705964635706041,inner
0.3356834402421109,4.749009303362062,4.193423520971787,0.11246978200943854,inner
0.26284485217695885,4.862390006072655,3.8284395529351847,0.06887428968188702,inner
0.27421204431872126,4.8305319675636715,3.835599079170328,0.0749669635604815,inner
0.31414143765946523,4.098298294435118,3.369787023542921,0.0984231511108782,inner
0.2775766198898506,4.6461179852698296,3.813684814512363,0.07688402862187566,inner
0.30688820071434686,5.781646089383159,4.562014373698536,0.09403287730301188,inner
0.31738090614567105,5.735549860766911,4.411192846458856,0.10049771330558538,inner
0.28556394240517613,4.434072078625954,3.4891557984785946,0.08133317515864649,inner
0.29337437752658985,4.580075011217616,3.685838781936725,0.08577077103910459,inner
0.2855053361182082,4.646245030776856,3.7874271388615552,0.08130536271964255,inner
0.28694720686386327,4.340830623701089,3.899726436171091,0.08212501674138165,inner
0.3295651482819234,6.397407383876055,4.973130402679841,0.10834152768546437,inner
0.3053817103920599,7.818555237455867,5.36695683720211,0.09316919345451263,inner
0.274749997029637,4.964360987965564,4.221244180032061,0.07528048581024938,inner
0.3197754169512729,5.080605897049719,4.116050784718024,0.10196684752788227,inner
0.30754133208457984,5.412732613732946,4.2797884984690855,0.0942953019290847,inner
0.28259670059980935,4.6610587349541746,3.657994460334335,0.07962742629691227,inner
0.27577841388680824,5.708848910334494,4.0464709517502175,0.07587223976341538,inner
0.28264554293836625,5.355998544927348,4.248149346826709,0.07960275636781192,inner
0.2862051307218625,4.526474479991164,4.195314303394718,0.08171436629020215,inner
0.26403487396020237,3.95134032815161,3.6266235406540575,0.06951122910985394,inner
0.3072483452558864,6.634915712406954,5.094860131780986,0.09421566613648179,inner
0.3385797655333638,5.986988984692999,4.623393079563073,0.11443794464339677,inner
0.276947042983869,5.427601536711543,3.9777823140237922,0.0765587569223546,inner
0.26239235579661446,4.580053582669303,3.9638050132007008,0.06855170929198942,inner
0.29462927010849194,4.359178385759348,3.5301045785184364,0.08645175042057443,inner
0.26669444680553195,5.4533688210501685,3.7165346829577617,0.07100227740989765,inner
0.27688070185593794,7.446372603875341,5.372642107792699,0.07647344485589935,inner
0.29626281774482655,6.23070536144024,5.021152937736595,0.08747972081998144,inner
0.2661629559360584,4.311302497803092,3.8032930788677204,0.07057160338437832,inner
0.28587597322518726,6.665560127030793,4.970057690801877,0.08158457080402057,inner
0.2952405928821574,6.377068126054578,4.812414395625418,0.08699832393795326,inner
0.28281047402283865,4.091784785209102,3.555290716202701,0.07964146599089421,inner
0.30397479547150874,4.79564590307386,3.359052264939185,0.092253817052183,inner
0.2630713266322608,5.738846414967089,3.881332254001543,0.0690209719547406,inner
0.2608023922985897,4.5229315977780535,3.981741788794853,0.06774379685832074,inner
0.33009797438597727,5.373359571667966,4.371652673306764,0.10879597246399339,inner
0.30356210858347055,7.050194162286933,4.753800462361027,0.09199497293324041,inner
0.2787922261086391,5.578209149172598,4.065069946934132,0.07751669505395328,inner
0.3049271837816423,5.359432472598141,4.182771186506016,0.09263679216732291,inner
0.27911131653423404,5.594396141822856,4.569648605090337,0.07776960663201976,inner
0.260456414477462,5.0168486613928716,4.049396514638404,0.0676882137083873,inner
0.26115743633567345,6.131525969448169,4.0385267668415565,0.06791416845273951,inner
0.31529951969205094,7.2745381436141665,5.1564087844000674,0.09912345307771336,inner
0.3450055280319763,6.022497525900691,4.712426558425828,0.11880454105850413,inner
0.2694299224003637,5.609946955670389,4.36126662413054,0.07245466146737303,inner
0.29502202795335,6.4943542555952956,4.943715693244345,0.08674755481156549,inner
0.33516325599078933,5.180717378724727,4.3516256732660406,0.11211503003707927,inner
0.2627685182029478,5.514097224364958,3.8338788876117706,0.06897826625848152,inner
0.28066219260065184,5.9290736931579096,4.377137064334963,0.07856272780981152,inner
0.3077512400232211,4.771182358740842,3.9918503195492074,0.09430241338982256,inner
0.2671290627580837,4.176845470668845,3.1857171795742945,0.07112164721891057,inner
0.2906194583464479,5.806962495984802,4.42446797574942,0.08431458885561555,inner
0.3018509385004091,5.690898316583631,4.259839286861191,0.09089526831296266,inner
0.2848920332340838,4.545492748392551,3.5378664971581575,0.0809515649487116,inner
0.29710608799940785,4.844673983270444,3.822149856572499,0.08805212279192484,inner
0.26623325886764626,5.345826074213615,4.265372389683171,0.07063032798938823,inner
0.2633264942781612,4.300538085144855,3.429115206807814,0.06914992928013769,inner
0.33842412418198525,4.509002332455805,3.505257655646851,0.11428198949821339,inner
0.30585023166559877,5.924662939630681,3.878577255433154,0.09341367343116336,inner
0.26096834078334813,5.619476686173103,4.261794091837674,0.06793422173213788,inner
0.31201312719838703,5.325248078018343,4.056542562479122,0.0970255191493487,inner
0.29904525172744645,5.455450041065948,4.232451520977327,0.08924983641679085,inner
0.2763853647905673,4.857635090232592,3.8324731175882705,0.07618799311865124,inner
0.27360499021790474,6.068745168064085,4.15045058460564,0.0745913884636959,inner
0.280487966588633,5.823002423482825,4.326577245428039,0.0784357451561799,inner
0.2938292087707715,4.787556970501307,4.130130081196754,0.08615620687222163,inner
0.264169647740141,4.664526466334626,3.5368441223530014,0.06960431408168079,inner
0.29978917389314885,7.5954751214114244,5.343539355219035,0.08963109492200555,inner
0.34777758386180524,5.784707099857008,4.606206159845342,0.12069972847555749,inner
0.2919487621294057,5.774457275058758,4.180656754801355,0.08499471822640542,inner
0.27327013344520257,5.185830164952008,4.466414053507849,0.07449192993382044,inner
0.31227559027705776,3.9950748973981476,3.384719849365498,0.09730111680896211,inner
0.28461742584252436,4.413308592640555,3.7136355432959345,0.08086529633766246,inner
0.29097253528208217,5.244606708337308,4.013252131068655,0.08449131829558776,inner
0.30288422904443124,5.236066171214385,3.8554207691934588,0.09142942761365182,inner
0.2705175631343046,4.516443282158704,3.51749800879211,0.07297168961740585,inner
0.29145953773580985,5.098658090092873,4.063949922047584,0.08470687964651971,inner
0.29255864504828494,5.142332130013353,4.0486821555640775,0.0853974670418384,inner
0.2779666849116172,4.926236959326989,3.80424256441589,0.07703734924900472,inner
0.30637203210134323,5.174304989063785,3.5082616574695997,0.09370759064507625,inner
0.2810700492971922,5.319878961680075,3.8240760828063927,0.07889272070045256,inner
0.2650772550014471,4.020464344386084,3.4934822087858692,0.06993277862850152,inner
0.3424675543135747,6.420684499123749,4.971697341827459,0.11705828670196038,inner
0.3239381257788968,8.005089153867498,5.25608100411326,0.10470489651448062,inner
0.27432936525408197,5.263980455605165,3.553887304205393,0.07502415830263959,inner
0.2875112353667488,5.022724021691325,3.830494407819715,0.08245345659759866,inner
0.2670192992178861,5.042646840293881,4.124459102596964,0.07102933844684108,inner
0.26319770707131357,5.176329369906284,3.9837686040045037,0.06910507368318808,inner
0.2640408751947753,5.421501973437751,3.9710471392146514,0.06953198096983915,inner
0.30155501251197614,5.880827284242282,4.448240769664237,0.09071069591461844,inner
0.326932420152701,5.213367584207654,4.102955896391017,0.10671462041486418,inner
0.2665580202593945,5.006611711727628,3.644092473896064,0.07091580312568076,inner
0.27342315910607934,6.631301812701672,4.870858900941641,0.07442001934263728,inner
0.32294916940056456,4.8612199384678245,4.1238862165279135,0.10401709436194409,inner
0.29039872413901086,5.006382555567031,3.5395799471625984,0.08424253966699541,inner
0.27785222482587346,5.9104745406888135,4.5704793065816585,0.07700641262872462,inner
0.2873660838039858,4.984787096421493,4.419163970427629,0.08224263332750112,inner
0.2648757978076206,4.254873599273903,3.729174321530858,0.06994262048423303,inner
0.2929139688205039,8.114761456452696,5.637544481158829,0.08570157982440055,inner
0.3098789838770672,7.753620365506385,5.328904554122078,0.09584343955379837,inner
0.2938047645540392,4.964176651223757,3.4819600298531923,0.0860337313579137,inner
0.29684491062085977,4.550792998361981,3.4326192973557754,0.08799579137582716,inner
0.27157513132957883,4.624004510437125,3.752020899330752,0.07355345018208277,inner
0.2649017364822089,5.402822976955539,4.182569862528007,0.06990645388020082,inner
0.3196643150006468,5.554547582076413,4.157624635450706,0.10195743303132535,inner
0.30041725435368377,5.9001060974897115,4.423994333993319,0.09014213619750136,inner
0.26958360876174414,4.259201227741118,3.3892921333322183,0.07252747699513014,inner
0.3099133795699743,4.944305164064992,4.043668676978768,0.09565521888856593,inner
0.3048850809336449,5.3065186130033535,4.110358636439186,0.0928297759003113,inner
0.2904142220081856,4.49077167732105,3.6193741371224375,0.0841812887410095,inner
0.2730523150460154,5.456640346952601,3.8495103914017736,0.07421602666945729,inner
0.27423553740130796,5.373691704207609,4.281287277579301,0.07490836020623662,inner
0.2933904562865338,4.457045020824837,4.001769969700894,0.0859400488200915,inner
0.25733992933928623,4.477289559088261,3.512043637555581,0.06609599080561898,inner
0.28643223678421337,8.047057743258607,5.638654756806793,0.08177889387433233,inner
0.3472928419390181,5.397769993873458,4.650520539172314,0.12038654087170096,inner
0.2969389222258224,4.826732792730328,3.376829308984886,0.08810135658967604,inner
0.2595277242476433,5.492143008494297,4.5301729208976225,0.06723305477205183,inner
0.3051326508217353,4.785182893430587,3.853096237031145,0.09275492528657293,inner
0.2921672133591733,4.855418241729614,3.7205265962378413,0.08512194589825572,inner
0.2995740140909674,5.887434180073682,4.020021747041499,0.0895699875990541,inner
0.3106581298478534,5.52413140278284,3.87658952333988,0.09628745720738838,inner
0.2674877607529325,4.205858911995531,3.417062792463387,0.07134794311971193,inner
0.2898389622103615,5.176595730192713,4.1819461692173645,0.08381935778609442,inner
0.30184620749952057,5.16543988424574,4.015591077864109,0.0909403992914499,inner
0.28924762310124136,5.1098084528090215,3.9389087709368265,0.08345408832151673,inner
0.31817385001394605,5.4989532953565785,3.9682967755548804,0.10107674532524212,inner
0.27868452179134395,6.278217629413347,4.530600604956923,0.07754295951405381,inner
0.24981513696217003,3.835107994821398,3.1821831707190076,0.06213794762115964,inner
0.32423640839917006,6.386428008655014,5.1315120397294764,0.10485855054709267,inner
0.32350620974474686,6.80406631005542,5.143094578402737,0.10444351147446661,inner
0.298328570999636,4.307043869046431,3.1928540980417193,0.08882704015652224,inner
0.2952754137737751,5.42525437169797,4.160511944122463,0.08701336987257419,inner
0.28661612422504135,5.104681421693524,4.286209958077409,0.0819364349335447,inner
0.29513001476988954,3.7826701440518042,3.3881699871274398,0.08693002883349704,inner
0.26783002256799365,4.9120136391310165,3.7335271405408847,0.07155601382412159,inner
0.2999321235551162,5.964389281092146,3.8170062628156534,0.08973769596157541,inner
0.33117593970294357,4.845276302333588,3.456902077766828,0.10950363775448571,inner
0.2667836186576882,5.411217503612952,4.062345321933341,0.0709413856392542,inner
0.261631533397771,7.553282301308572,5.1015618921532475,0.06819260103467337,inner
0.31633059852308393,5.746284540769034,4.2194130662276175,0.09986191626825403,inner
0.29325592432962544,5.316756155373348,4.11770966550686,0.08587094468055957,inner
0.2801026094863697,5.810481912319717,5.030164900819345,0.07831291036292953,inner
0.302860925745281,5.729624523711261,4.652175949858389,0.09147381580745233,inner
0.2743134741380903,4.978702050628531,3.9822187026688383,0.07505339273393032,inner
0.29099347877856496,5.9985447507052365,4.449482593738809,0.08448506201015661,inner
0.30442353201621886,5.847540014654779,4.2531876894043,0.09249806014727752,inner
0.2848321168421592,4.33327200003314,3.245484860617087,0.08089685374986186,inner
0.30047837739881816,4.8863758105991675,3.901967177227844,0.09011957543303768,inner
0.2707049837174465,5.765836904769853,4.331123682812311,0.07317886701571687,inner
0.2704916592571908,4.2233860450956495,3.518435383225431,0.07287749734485406,inner
0.33602807670151225,4.447804751989696,3.5713406747014815,0.11268763963160754,inner
0.3167567201461382,5.474305296933946,3.7886196624034687,0.10018471323871478,inner
0.2705308004500492,4.755497876812984,3.726876378768835,0.07295590117348055,inner
0.2979362034574784,4.890314043795401,3.9232667250768385,0.08855058849479533,inner
0.3062577996047149,4.654297337447092,3.816664244109958,0.09358407163661533,inner
0.3018306838461832,4.7542143284604865,3.916236824127913,0.090876746605075,inner
0.28078607301802666,5.828282495844987,4.209754515228015,0.07861897147959326,inner
0.2790694060049778,4.780255779503799,3.5761764467665413,0.07771208638068558,inner
0.2926912378518302,4.474287891561938,3.409741419351935,0.0854978578774277,inner
0.26252195601802664,5.028912374325312,3.7335299010709617,0.06871860567719212,inner
0.2883212900218577,7.573431221550816,5.403400243814362,0.08290701643094293,inner
0.3310398941047351,5.377539499077615,4.706125625988172,0.10932850422443838,inner
0.2986832707724048,5.466488478539036,3.9564169945329657,0.08907940476446241,inner
0.27478047918509996,5.82536804454307,4.300580492241519,0.0753494414748145,inner
0.2925014531012952,3.7108112865593585,3.2886702879433547,0.0852506332974233,inner
0.2816776630846989,4.116303029269684,3.415041247671098,0.0791259808113491,inner
0.31057272961207555,5.992039616789417,3.74219383128352,0.09632706924834299,inner
0.3127665517359717,5.919316973324898,3.715945156126968,0.09757875969498818,inner
0.25971037877309167,4.133917300115205,3.39617830568882,0.06720779700431398,inner
0.30022560050676417,5.470904824228946,4.550717438773685,0.09003605909578727,inner
0.29959313913892655,5.652741386771138,4.560324310891254,0.08956425798960051,inner
0.2730187720238902,6.203491816070331,4.446727784453344,0.07426729769545502,inner
0.3162447594980128,6.098818896042521,4.154812766356159,0.09978731001890259,inner
0.2831626831246582,6.517216619751002,4.640222184321491,0.08006041413399399,inner
0.2537028710125886,4.3901388149457965,3.409370426416685,0.06418807076667851,inner
0.3124354371148743,5.220976493467417,4.471138511755087,0.0972773576179848,inner
0.3115012000857968,5.530946070695537,4.484548101051452,0.09690264033558667,inner
0.28228497361337823,4.4376033330494025,3.4473987384944853,0.07951776674187165,inner
0.2767155629346562,5.039529659083063,3.516783991486488,0.07627517007151391,inner
0.26421127554598556,4.462632708412624,3.5891590361032275,0.06955135888813291,inner
0.2730537116545909,4.2909504157119205,3.6680512546198716,0.07437253642018533,inner
0.26321854814114964,5.058592538317179,3.805108024007638,0.06914857061411418,inner
0.30306715053285466,6.95151677641142,5.2487616101817665,0.09161500565234983,inner
0.33300700497610747,5.650876937060637,4.776858148030092,0.11072827820685839,inner
0.26710067613111355,5.4963846281948845,3.9225156656653333,0.0712758254905275,inner
0.24528823533908375,6.740260539859791,4.928914215940591,0.05993158743234284,inner
0.2968079535309669,5.18764775428663,4.0733567138901075,0.08769937224247107,inner
0.29008747281219277,5.069706495569617,3.7578394707812435,0.08390909749978082,inner
0.2788176480694832,6.20865665388836,4.945568637495552,0.07759318957547057,inner
0.29092141479175343,5.66051296228894,4.739808572979522,0.08446955586654897,inner
0.25983237376429236,4.269034283498074,3.594007732716085,0.06733249525230567,inner
0.29061503498852215,6.374464686702082,4.812436722827713,0.08428866195146084,inner
0.31418907454620953,5.618021883187433,4.4513529588535645,0.09847940155530714,inner
0.2871962028307955,4.164018863163127,3.270237943870016,0.08228598200449097,inner
0.3027438619765627,5.215282103870622,3.7987251357453897,0.0915186929470312,inner
0.27998513731644165,6.002041997304478,4.107506309709352,0.0782039243254617,inner
0.2602292536950344,4.705472663225866,3.6147428569589,0.06747062635063668,inner
0.32839665428098236,4.527414799792435,3.2779189143065683,0.10761147499657658,inner
0.32168279911055114,4.80448705376262,3.3463324972058732,0.1032434172356768,inner
0.26628108379946763,4.768864440448973,3.3575158287599405,0.07073363600529212,inner
0.2916169943647124,5.628007800156498,4.041146053338354,0.08488994479839088,inner
0.2991491984737532,4.911797414545236,3.9393950305934786,0.08923833244181129,inner
0.29279012008476174,4.149008972853379,3.6022093120479584,0.08555599990263663,inner
0.26821141971330276,5.9099857376480776,3.9323131660066584,0.07176548591867588,inner
0.2617208069876737,5.500881318116543,3.7207534763111094,0.06824729832590959,inner
0.2876510753014766,4.190967372632991,3.385346644142643,0.08254990627261918,inner
0.2675135954613668,5.398080139305347,4.431369457536105,0.07137231224875976,inner
0.30017118031836076,6.16564520695822,4.3762125743741995,0.08995272424717633,inner
0.3411049813259974,4.246400684578509,3.851051628504477,0.11608132536948705,inner
0.3016854314610534,5.229736446144192,3.828205314651943,0.09087394404903718,inner
0.2588442097796054,6.506687096637873,4.46181034141064,0.06686787285611062,inner
0.28107567049710885,4.835170382065857,4.070187278508063,0.07874515591214003,inner
0.27245627610355383,5.097547429166923,4.198951239823018,0.0740480622834887,inner
0.28587119435030833,7.742197721514353,5.363342720027959,0.08147784635773182,inner
0.30077398323937526,7.759944901585541,5.097599109464063,0.09030977109493843,inner
0.25583725825121134,5.619851258274173,4.0672709198958525,0.06526866984313767,inner
0.2973049706365212,4.653138762563052,3.8141294372219057,0.08820912768533916,inner
0.30775400028838895,4.883071646828565,3.6909637595024587,0.09462996538920995,inner
0.2700518749550313,5.582063733169584,4.2062617119172865,0.07269310918695976,inner
0.31988924493013804,4.626430944368485,3.5006734419146674,0.10204814614147507,inner
0.30876028744858897,4.870172333054773,3.6268517344702653,0.0951696751776325,inner
0.2570481846684451,4.803081389001933,4.025361149230437,0.0659264020748882,inner
0.2982146591213866,6.059241501683262,4.366250818788122,0.08873375927391221,inner
0.3106163002788212,5.848803296700211,4.191924243550678,0.09628813819531114,inner
0.27883771753945347,4.549273061276306,3.648470609275011,0.07758854346629956,inner
0.275074290250052,6.417694139578611,4.600101518278454,0.07545166264236625,inner
0.29426689728329564,5.618525762505921,4.300074768622183,0.08642742378213637,inner
0.2840194245078756,4.612281297776921,4.130946127137653,0.0804542957386393,inner
0.2406267980573529,5.372396709132959,3.9335165835479957,0.05775079161125508,inner
0.2774733348060172,6.446870150950247,4.867082702271541,0.07679129357283589,inner
0.3215658997402034,4.699308349099242,4.199716665646996,0.10317571266973227,inner
0.29672548836672286,5.536388934691315,4.450570160367337,0.08793968927672599,inner
0.27922928698818467,6.107710642405378,4.7294380133318725,0.07778895118194519,inner
0.3105817868050561,4.0329258633249365,3.4314210657604898,0.09619122452399148,inner
0.2987780805025019,4.674365658619995,3.566984847343653,0.08897471132777154,inner
0.2909256326186719,5.155233110651636,4.018365854592792,0.08454103511839695,inner
0.3109374635003167,4.669262944012723,3.7597451757862865,0.0965938240785712,inner
0.27335773995187806,4.511317445520296,3.7507280339952147,0.07447978197199828,inner
0.2927910826734415,7.128164818752691,4.966405628419726,0.08560571790065205,inner
0.3087624975924884,6.442864063289736,4.7095074444091125,0.09515213587813562,inner
0.28208852592084516,4.429044177289487,3.740018009760203,0.07934563524653762,inner
0.3027490189655597,4.407750894770074,3.4847880628019765,0.0914744817451664,inner
0.2877615765755088,5.390864932195744,4.183347757593243,0.08268901277037721,inner
0.26050486019742164,5.942666813111566,4.621052924435209,0.06773673532552896,inner
0.30312409242929583,5.661515619541201,4.469692282987125,0.09160342394667795,inner
0.2947681975691123,5.948210637157675,4.5963961780115765,0.08677678615003875,inner
0.25018255011180784,4.028667949092379,3.357356678861531,0.06242009348155274,inner
0.2837815345543505,5.966108800680241,4.695928528310916,0.08030511308107566,inner
0.29220745764666245,5.696404559795954,4.56051948388863,0.08519353027691047,inner
0.2751691477431651,4.279850218634744,3.686486632606468,0.07556356839414935,inner
0.2691191974813204,5.768193059285484,3.8852483937856968,0.07234576885497541,inner
0.2913750894712564,6.1808152471850715,4.723508987390073,0.08468354677237065,inner
0.31766451330531814,4.677125602683905,4.332598688904657,0.10071367901603244,inner
0.28554891454961057,5.511726693466776,4.2396554840406875,0.08143845066221858,inner
0.2824816703494476,6.263166479326753,4.285690537123681,0.07965415665602679,inner
0.3256656003416022,4.025083864719316,3.455041435714491,0.10582409052130229,inner
0.3035060319565585,4.9269247110154035,3.7870449238047517,0.09186978821348282,inner
0.2714339576131401,5.840802975283283,4.234514309586218,0.0736026701813266,inner
0.28968792926613374,4.356857728694945,3.4333163331225465,0.08378857961574156,inner
0.2776497931042544,4.3813037934519485,3.58217554539838,0.076854793288748,inner
0.2789113745380589,6.719668993462305,5.0254412762830185,0.077650360792166,inner
0.2960794838551792,7.017557164546646,4.734042074806918,0.08748981404986884,inner
0.27648743865204367,5.006328425727636,4.013769346615652,0.07627670238422182,inner
0.3119669103770586,4.081706659066804,3.566662364995851,0.09713709281458531,inner
0.305417867082931,4.752954224994593,3.6431419320209946,0.09317700645780794,inner
0.25611958961111,5.527950704684745,4.052639941414412,0.06545434103796524,inner
0.3147841423251386,4.558577277351452,3.235449713656602,0.09887875472568303,inner
0.318020325484861,4.588814812744246,3.323067329574875,0.10098714722934116,inner
0.2581420599362981,4.56156320879476,4.0938813068401805,0.0665390935822987,inner
0.2932389628381819,6.0285684096458665,4.466926472194904,0.08582998973801279,inner
0.32243605512899864,5.637145440140134,4.06243924953508,0.10372223952429782,inner
0.2935481606628587,4.7972596845062325,3.361606526878662,0.08605747211800174,inner
0.26633593517264736,5.795641644829221,4.1771239110258715,0.07078594961112515,inner
0.2799416065799805,4.899480318515572,3.974108089136626,0.07814447180480114,inner
0.31182747744478645,3.6625988500671935,3.119750702137035,0.09700910872903797,inner
0.27975190074402173,4.47087373002625,3.450162583368161,0.07808782914626519,inner
0.26073088095939756,5.983881602493388,4.764697864739994,0.06788917067814176,inner
0.2925102796943395,4.64495023948537,4.24704346503288,0.0853859973769221,inner
0.2956165674586689,4.9989119884753705,3.626562154959934,0.0872871544277258,inner
0.27785881045309857,5.570037726142568,3.8583331374426697,0.07710171580975163,inner
0.29926534297927576,4.996140356211673,4.053478215754682,0.08931908646306742,inner
0.29398298470869744,5.468964228698454,4.126312105074957,0.08626649528820629,inner
0.2823414183624375,5.699758728720773,4.684786485384248,0.07957372786413577,inner
0.2937395089782274,5.63506715215546,4.503000858235886,0.08616609390676158,inner
0.25986016201480894,4.746892864204609,4.363730213550654,0.06734133775839843,inner
0.29835710435446666,5.529087680965035,4.217714045726191,0.088826486515621,inner
0.31538126563293467,5.39877549994849,3.99004343893211,0.09938292171750981,inner
0.28128432725977925,4.117330015467041,3.2806448219760935,0.07894827686855288,inner
0.3148818762031055,3.8327241619776475,3.5418983584969315,0.09893518450038194,inner
0.31800708242250075,4.627654493020502,3.507090445759147,0.10092877717466898,inner
0.2646087201394484,5.343048245437803,3.9373567175446627,0.06990051650684775,inner
0.2913675309464603,5.668207925473446,4.735896351215872,0.08478493653768088,inner
0.2984868553473783,5.574386613820329,4.6229386720480745,0.08890703237560577,inner
0.2538800589393987,3.8997823246488825,3.1177966092355125,0.06431744142808882,inner
0.2913002989177633,5.219290580597522,4.131970737537237,0.08469182878199122,inner
0.30317650410213076,4.909869548582175,3.9701107925393977,0.09174486075599039,inner
0.28819287714343816,4.689180158500585,3.826507116887783,0.08290110004744139,inner
0.2754312709279292,5.565403750393866,4.0038013537560895,0.07576620734490203,inner
0.2882059146909285,5.78540070766384,4.530843889624202,0.08284636152132278,inner
0.323752075355828,4.565480129157878,4.03338266216673,0.10461319637603894,inner
0.31716858568820894,6.411363033450625,4.725527713884606,0.10046899429623327,inner
0.28602039330068535,7.86484933753225,5.2401471248104965,0.08165068757818283,inner
0.3020360237595219,3.9588713352728564,3.331674201917525,0.09105865445057224,inner
0.29737676710970234,4.920462109836446,3.504044270380486,0.08824723506616014,inner
0.27490362455829065,5.893208072628934,4.484781298402415,0.07548932814443837,inner
0.29364228058416053,4.711227107565072,4.198586906006967,0.08609447360117886,inner
0.28065543753998107,4.54126169286577,3.2735267897816644,0.07854106774087272,inner
0.2841630618478098,6.4522638984395835,4.9943005217320176,0.08061350745395232,inner
0.2851303937718813,6.225400268766288,4.9773568831830906,0.08116831678838198,inner
0.25654314305498527,4.074186582907859,3.51598668495371,0.0656331297146281,inner
0.3083457855120601,4.169337844190209,3.612762592325532,0.09489559544642827,inner
0.3189330783897903,4.380688907853143,3.4928334340087583,0.10162720208835055,inner
0.2586425143876394,5.336193230167593,4.009340344984277,0.066775217440478,inner
0.29892980161765004,4.884161402300276,4.199309253951218,0.0890798910381463,inner
0.30655826521879787,5.218186023698295,4.094812714735689,0.09387228402669331,inner
0.26338217423889654,4.8972085765669435,4.4311898104535885,0.06923639992198025,inner
0.30447832937475305,5.2146101510384355,4.153727203973476,0.09248397543673727,inner
0.31685802673742575,4.995354950545782,3.991440370890734,0.10015340324547226,inner
0.29071290180856013,3.831548687364768,3.3401930193461076,0.08439104529103011,inner
0.27612303443604297,4.822060950891226,3.632572443052649,0.07618732842619681,inner
0.27783443313333267,5.175729225288461,4.290141319650246,0.07696760388732399,inner
0.3120787897525348,4.191647692088733,3.819384786127742,0.09721611190654873,inner
0.29357125089186237,4.543905352285514,3.2274417490652407,0.08614219224648764,inner
0.2779322473896301,6.10889998359451,4.62994528136719,0.07712084231483676,inner
0.31379758760838583,4.76556992240083,4.100767973398932,0.09812123735415675,inner
0.306070154217759,4.647132383522316,3.533481061631314,0.09350423635768743,inner
0.2745672531913072,5.064127287622642,3.938900509249532,0.07534233151056227,inner
0.29125702579784235,4.333570620404695,3.6328820974120197,0.08463914513677148,inner
0.2862275121427494,5.018474163101778,3.6967181346018356,0.08170666018397117,inner
0.2766497389139598,5.992589708955279,4.676069378790255,0.07641959939632895,inner
0.29039310718831796,5.2023184370200655,4.454766111129159,0.08418385449319407,inner
0.2664585009637245,4.175864072093833,3.720435237940877,0.07081978257485849,inner
0.3058693624048367,5.888678269193447,4.701478408351784,0.09333830221153454,inner
0.31923159473582857,5.624154537599839,4.504686336991034,0.10182194215194629,inner
0.26770267350500654,4.504444750784521,3.3245169495821543,0.07151678368774819,inner
0.30026819193571397,4.48841409296102,3.416205484027329,0.08993053328415934,inner
0.3096603363369613,4.498705150864644,3.3125903566283785,0.09579910661884683,inner
0.25336053252042107,4.3577417124454705,3.994834092528248,0.06411633594954866,inner
0.29873813054540577,5.4805017520964165,4.493990587692779,0.08902623757361543,inner
0.31859559748041616,5.22541661483121,4.213888570655859,0.10129333140889847,inner
0.2824303865881159,4.2584936004056475,3.641744266889979,0.07965648856995212,inner
0.29144143834597597,4.711409592676503,3.8518516365503697,0.08477867607642273,inner
0.2969835264221938,4.3582041932492075,3.779971215180632,0.08801260806360173,inner
0.30082063195928105,4.515101045915338,3.9315460895901992,0.09033291088097334,inner
0.28575026962045497,5.898629638452479,4.138894359741903,0.08150258097752641,inner
0.28933237224854746,7.032234947108306,5.231251956482823,0.08356754417675388,inner
0.3147737052664413,5.410970374672348,4.808440200429526,0.0989138017797099,inner
0.31425845915728523,5.178874321235467,4.313395925405647,0.09866722429144374,inner
0.2975711906190709,5.7569458698931335,4.555283575701864,0.08840839787865813,inner
0.3254696594040942,3.4273428475450154,2.9151214717218092,0.10573357768537703,inner
0.31456023707291847,3.721054564272147,3.078188829858231,0.09881276834304706,inner
0.2868590552997116,5.111553083872719,4.407156026533196,0.08215556327291058,inner
0.3007621039080373,4.74362867226262,4.203430545015321,0.09029691355132695,inner
0.2777326591274495,4.08308291937106,3.4717376516748635,0.0769132044329619,inner
0.2954987237418735,4.6996090417276735,3.6527448345372355,0.08723915821835357,inner
0.30415337713525986,5.041329463852177,3.5488063520361863,0.09245707344195415,inner
0.2658562008114739,4.7486454468047565,3.6970925135094723,0.07041963118863162,inner
0.3157715872044108,4.193554461867984,3.7891223079396723,0.09948064388924471,inner
0.3319719433427937,4.635778362105164,3.6042117091586277,0.11006955344520813,inner
0.25710874756099095,6.423660893034385,4.351041139984845,0.06595466159028143,inner
0.29082255866733653,6.369728357683513,4.989968643604363,0.08439568508935577,inner
0.31724738663927515,5.52406898537063,4.5743338156933,0.10049587553950748,inner
0.26571996139390575,4.325710194129454,3.824916280554772,0.07044913274804182,inner
0.2893522511688647,5.34647722206496,4.4825796422535396,0.08355106071208189,inner
0.31093753095486976,4.779788210935274,4.171399015672895,0.09655858226279798,inner
0.30662418918991935,4.151274559561918,3.306189400967484,0.09386928028936022,inner
0.2991695568130119,5.132467850837583,3.7985020247066617,0.08941656900707219,inner
0.2892755174413452,5.3865153157572765,4.305204084692578,0.083467735281225,inner
0.2999621320131155,4.547011887683864,4.1518245351414,0.08978647252438869,inner
0.29839307755951494,4.940491115124834,3.929235810908831,0.0889653036400833,inner
0.269206971592184,5.445308289208601,4.355224380324272,0.07230099595043155,inner
0.28812981359284545,4.203827593012616,3.4614664960356776,0.08274784088895262,inner
0.31256172849640873,5.071478928107582,3.924697068028993,0.09756702873691775,inner
0.2727889502371903,6.456518724705014,4.4969200485726475,0.07436391092785949,inner
0.2927433913902561,5.0055200648316305,3.6765822933922756,0.08548188257611503,inner
0.2924889992240012,5.257294556284469,3.679779999070753,0.08533041774133435,inner
0.27924789924482224,7.207974231538101,5.317209276924915,0.077826565202013,inner
0.2884030162484086,6.996387772235791,5.148418833332625,0.08299703867845835,inner
0.25901480615584566,5.022646218100757,4.303344184804822,0.06693584577731694,inner
0.3127949557449034,4.679868612510372,4.101449306384403,0.0976501390732294,inner
0.3311015405786058,4.3833811879319855,3.8746804139335573,0.10957160935715816,inner
0.2615793345147019,4.186931896397983,3.4178653883675993,0.06831280620072423,inner
0.2867764412621419,4.774028289933986,4.271919069376947,0.08193145491321789,inner
0.30769212180572747,4.491929610614886,3.9815310867086255,0.09457686523182016,inner
0.2612916780509416,4.279249693332832,3.649778107956746,0.06809013356499313,inner
0.28638082713491636,5.174698227931393,3.686798287118865,0.08175392613935849,inner
0.298185270139212,5.0930602774870035,3.540846744261916,0.08869777548188465,inner
0.2589041003566413,4.285668123388363,3.685945435172305,0.06691665772186255,inner
0.27395278710587917,5.301370107759414,3.9198675569872985,0.07498363994538106,inner
0.3074221513136389,4.509031982886992,3.560211582538093,0.09429710108889325,inner
0.31148234857021867,3.8468161377917243,3.513803940622021,0.09687778847820132,inner
0.29030585020045063,4.9277017024194745,3.708012097160097,0.08419455796391148,inner
0.27234595921874394,6.912249322952128,4.946188789830937,0.07398981761997922,inner
0.2925088531869573,5.296504518611012,4.6052436218626704,0.0852697746421543,inner
0.3202869036961783,5.639677098974682,4.239309298656374,0.10241806863199082,inner
0.29541237821357086,6.616836204311821,4.596270668318921,0.08716010910810436,inner
0.30167628756391834,3.507004307341646,2.958199365634622,0.09084749185628438,inner
0.30187383170019766,4.45609444488707,3.8640204740857,0.09097142019764937,inner
0.27330039957527785,6.022610856134892,4.45403249948325,0.07455168807493237,inner
0.28981636429711344,5.41644004875819,4.200207482443918,0.08382345394867469,inner
0.27406816534529105,5.456006004798347,4.218114192449113,0.07491400840598639,inner
0.29286914390692975,6.465908775730335,4.941787264396069,0.08561523042366051,inner
0.30976490821638414,5.750043241411374,4.672243262977355,0.09586759494629017,inner
0.2724058525790548,4.083298499884335,3.170517726900316,0.07405382969037666,inner
0.3007689503612349,5.346223704933986,4.296226239790572,0.09025224845494423,inner
0.3155774381474302,5.4857991242627335,4.094625598908291,0.09943350605911583,inner
0.25290582647333537,5.270959171273018,4.07587815314499,0.06386162512591859,inner
0.29165910869996237,5.236121760777707,3.543776619189394,0.08487550507491888,inner
0.3184335101482692,5.201967741240686,3.8181501223280656,0.10117623480624094,inner
0.26637703640062066,5.3376923109731305,4.564308403156785,0.07080619891765977,inner
0.2911437919795506,5.830285685796911,4.548169027361232,0.08462482239644341,inner
0.3006603268246056,5.385838225286825,4.404209864299001,0.09024837009765385,inner
0.2818499303058864,3.661728699548423,3.0383474026720245,0.07922090636709159,inner
0.27730508463607606,4.6641274922862594,3.8098042264094576,0.07674439041395756,inner
0.28203838867469877,4.940655242987119,3.7527774498624265,0.07942094152464885,inner
0.3046589447680416,3.907583447974493,3.4741382887926147,0.09266543855424464,inner
0.3201375149215596,7.338523412754585,5.432135933474967,0.10238561738990268,inner
0.2929151468724652,9.198848525016027,5.936977028932783,0.08564213051613137,inner
0.2951128152372495,4.0153666836609565,3.3190149035581293,0.08688318175236781,inner
0.3062265969984988,4.246602130555157,3.3242734880941627,0.093645123728095,inner
0.28159796516554303,4.221322842793728,3.615015318466134,0.07916638932124827,inner
0.30538066160139316,4.235174345139249,3.682947152112423,0.09306895176020269,inner
0.29123416402457303,4.8389688800474335,3.8618437562231596,0.08462071940848763,inner
0.2884547611725301,6.66044549709975,5.148621519248942,0.0831175448837096,inner
0.294233280263515,6.491184206209973,5.047506486631018,0.08649575999706982,inner
0.2570386022514788,4.364708894924142,3.6355990611844735,0.06578341815630077,inner
0.31231508258611484,4.319470896875461,3.9298769363402504,0.09724990086627724,inner
0.3352341646897886,4.295110815184762,3.661201539792304,0.1122634883295725,inner
0.2619923137366574,5.160006567620322,3.581737688289697,0.06853852229608096,inner
0.29732556080706685,5.570695598654914,4.157501069044376,0.08822527799494895,inner
0.32352549301612316,5.239265562265721,3.8208158665310004,0.104528198237805,inner
0.2540652989207051,5.465387245655411,4.398686860906948,0.06441473031872091,inner
0.2846500483543291,7.776599196050609,5.6197466551328885,0.08082253682066219,inner
0.314430684968664,6.6396252841939445,5.087484248985762,0.09871411387163745,inner
0.28399196748152444,4.510586101397721,3.5547988907380708,0.08051806380538457,inner
0.2844277813693702,6.133344480849604,4.705818335140425,0.08077178746222631,inner
0.28831819518277507,6.060392138663886,4.6423205020035025,0.08290950465172503,inner
0.29002882678879827,3.810516249603166,3.573777730969004,0.08394015061967532,inner
0.30163871744853565,5.369773126076894,4.651639756666292,0.09090516834844795,inner
0.2791669210167944,6.322599224356842,5.026077749776038,0.07778755651692726,inner
0.2869605107605209,4.641398438940842,4.081248956231439,0.08209895565959602,inner
0.3228078205213694,5.16161817773498,3.809685790444131,0.10404902219077176,inner
0.2863756967833535,5.7958814928610645,4.29434613568619,0.08190919292047892,inner
0.2879591725086543,3.923381913741569,3.11660185604171,0.08277174360405368,inner
0.29784974893590715,4.395905616030429,3.5595601314022045,0.0885264592298072,inner
0.2751313469017111,5.634698529293627,4.552506644840262,0.07550853023432709,inner
0.28688546838738344,5.509476677211488,4.365983721773016,0.08214414036823817,inner
0.2677591067085827,5.074387005978034,4.099110520417621,0.07153539113093596,inner
0.2864393532449516,7.25221154221332,5.430394895920554,0.0818994881878421,inner
0.3112871551585193,6.741747872330436,4.996925752054908,0.09684208433170902,inner
0.26566389170530597,5.364192770221235,3.713831681600799,0.07044092305889732,inner
0.30431262000772297,5.158330512774577,4.091935799935023,0.0922740397484896,inner
0.33708720673330533,4.59780390669288,3.694081766818882,0.1134924991154275,inner
0.2693546386202283,5.050242061711621,4.026585049474383,0.07235118845678261,inner
0.2895465863196065,6.559223840834746,4.866098864406623,0.08362445086978657,inner
0.3085730173460114,6.244234979136423,4.566058066356293,0.09506528204095782,inner
0.2579376136166382,5.1031876775983065,4.11538882429313,0.0663920173468213,inner
0.2885446900502898,5.128231670594736,4.130899034791096,0.08320049692509723,inner
0.31706250915838236,4.5740628908360845,3.759350119394212,0.10034406778244877,inner
0.29376797144401146,3.9774492519276348,3.1351518029281142,0.08610069998628772,inner
0.2759196024636587,4.951063878329184,3.737685286367497,0.07603854778176186,inner
0.2788616161191255,5.8715537586167486,4.422874531253508,0.07762560662505633,inner
0.30078600807437744,4.7415008014164925,4.100489738886815,0.09019423113163692,inner
0.3238581942460765,6.95566965199937,5.237817320958549,0.10468061868917325,inner
0.28753001445397175,9.210821121661112,5.899592995575174,0.08259023346098521,inner
0.2797671270741106,4.301561766240478,3.331530705074735,0.07813050963014351,inner
0.30176585810908046,4.43155261460698,3.1677895710144623,0.09087668438154892,inner
0.2842191036993502,4.625587755652322,3.9165838229425924,0.08064124336967865,inner
0.28350946985983566,4.567062205867651,3.926387165372209,0.0802217685441596,inner
0.2577346924870391,5.298845775255057,3.6951066079202506,0.06622220955789151,inner
0.27048413540505956,5.856164086309854,4.331657339646255,0.07300010945242749,inner
0.29689781301701923,4.96376008218403,3.9462890565535145,0.088071872305274,inner
0.2639939856992351,4.489808748958568,3.7397848878030566,0.0695161872791555,inner
0.3080195168791522,5.984644762363023,4.695554390170259,0.09464814321299439,inner
0.33655612811822894,5.3090071387023,4.297418094469401,0.11317070056659924,inner
0.2529324193544117,5.5460205338550965,3.9559990030536363,0.0638758862595126,inner
0.2784682873613682,5.900269424506561,4.3900395178633795,0.07736408349166776,inner
0.3236291180481953,4.779558516956056,3.7774313801619925,0.10452805476843564,inner
0.26525104328852317,5.357030966646306,3.9241478490722583,0.07019827921253728,inner
0.28224546335071177,8.092128991615963,5.550795421804518,0.07951702317733755,inner
0.31538164733687424,6.689613828758419,4.96759034357219,0.09929390332036299,inner
0.28507667104063455,5.349323306626952,3.826740108099387,0.08106013317278754,inner
0.27081152099201244,5.741613907506244,4.0313148516864485,0.07320830515747226,inner
0.2945801224857926,5.033094321059446,3.722585051742157,0.08666020403809271,inner
0.3096047244097768,4.928700829256979,3.7318586777826304,0.09565517869562727,inner
0.3117460123168415,6.852269719212286,4.801992956005971,0.09711800605474125,inner
0.273149353665581,7.87763535847339,5.480526075025468,0.07448283574638359,inner
0.2718196950996349,5.040854879345449,4.2852756291768,0.07360172110587486,inner
0.32325186776086007,6.3019630515963,4.340623489614472,0.10435010811435179,inner
0.30016751165537164,6.971491428769911,4.674438757523176,0.08990503561411425,inner
0.2837104288886045,4.16130746516759,3.29324117410218,0.08033889322534835,inner
0.27734334582950354,4.666340064937811,3.466654408858681,0.07678213486540966,inner
0.2709291385816604,5.82762836022494,4.6225181107999305,0.07330127575061188,inner
0.2885872098785174,5.358716503941985,4.339675519204849,0.08319493827493457,inner
0.26875316946144223,4.879490702186342,3.841583287428738,0.07196495005846451,inner
0.2989896838952625,5.78252870182535,4.480430552216932,0.08918755509422266,inner
0.32904087107869406,5.273448579381169,4.071234403711976,0.10817028064051261,inner
0.2699464072261705,5.1137113449046385,3.774658751546536,0.07275630576287463,inner
0.29598171464529677,4.758595740973737,3.9601496910586107,0.08736912047994698,inner
0.3378351105558603,4.620894222093928,3.469538420479897,0.11394954336638688,inner
0.27160459800071224,6.011426936844747,4.2462072778681,0.07362682121923447,inner
0.28230720526685654,5.444334994205364,4.149671469299866,0.07951980900349545,inner
0.29890002451141323,5.485055152397404,3.919311004445768,0.08921815199374578,inner
0.2567878450201284,4.963893809495879,4.34952032707509,0.06576653342895725,inner
0.28208563855869057,6.5856096787009735,4.892880417337289,0.07946285743562166,inner
0.29057193666304365,6.4000234654051305,4.749981408324121,0.08425793400537188,inner
0.2776063194169789,4.450641311348734,3.639493901810233,0.07685603307253619,inner
0.29385181919371434,5.362792057076804,4.193934658303063,0.08628270177259316,inner
0.2780983128732538,5.193790544252929,4.431509548423055,0.07716304492499784,inner
0.2837809970302417,4.080862859704968,3.6129640437185335,0.08026745201732949,inner
0.322776983327013,4.954389789618409,4.146215816639093,0.10408281375415177,inner
0.28939430225190793,5.876796172687422,4.624496830296053,0.08366983548748974,inner
0.29152850675785985,4.539932159882326,3.6233700096355284,0.08478624506962418,inner
0.3273467033142382,4.918262995332759,3.6099815777490303,0.10694710565742063,inner
0.3161445570177613,4.829354563079407,3.737896295402916,0.0997586182494539,inner
0.29246571677163224,5.186898598530516,3.8383616160024943,0.08539373193892588,inner
0.26796375413287754,6.015252918508784,4.18933219102881,0.07165869688918865,inner
0.2912509437734848,6.282111314364039,4.969801717609265,0.08462571356430285,inner
0.30746349308796217,5.8572559776227875,4.707744084052563,0.09447424845458438,inner
0.26452095617137134,4.815270148885416,3.616888913671311,0.06981356245626391,inner
0.3066997507248518,6.0182870799290376,4.669153137363352,0.09375275846400397,inner
0.34460846704242637,4.962114649471511,4.155522107936365,0.11867471490463366,inner
0.2688602685449514,5.452813709598655,3.746407918869988,0.07208972304216422,inner
0.2838896932912679,5.748764583457675,4.150571361228458,0.08035816013838859,inner
0.32420241117503945,4.791986952304993,3.6344715219841515,0.10493494079532739,inner
0.2727220677633557,5.153691502143729,3.7838902708766637,0.07427318707498012,inner
0.27631044376369296,6.87186143970857,5.084503565919507,0.07627499670141966,inner
0.29181191433205256,6.553579138461848,4.814407389294158,0.08487875611364792,inner
0.2641388322911727,5.199900131029639,3.942516165984494,0.06961320232861964,inner
0.28431811430997833,5.53037881622232,4.122607167116356,0.08079227592785793,inner
0.2962371924000292,4.917784194931994,3.9567344205352244,0.0876128115006793,inner
0.28879246499247657,4.261785850048225,3.4552113458932587,0.08306489728418656,inner
0.3154186416683824,6.0977143708835335,4.653898257995146,0.09931352818213622,inner
0.276970887567972,7.947798666324947,5.299929822316903,0.07659477454896801,inner
0.2695210050824826,4.241298875205025,3.3424676081590596,0.0724452734622754,inner
0.31890626272764244,4.1890072739683655,3.7951721015611826,0.10156017617481275,inner
0.29673345799135287,5.040893800441306,4.078758625608038,0.08788879968627372,inner
0.2776873518869873,4.167967041880202,3.575841467026283,0.07695292168607568,inner
0.26325090603289153,4.272852858655237,3.711467966974438,0.06915955882252457,inner
0.26659237386384177,4.753173586599998,3.6887111991526025,0.07092874231935169,inner
0.2838457588146988,4.758059532045401,3.8633642618834867,0.08045387519276205,inner
0.2604029313719544,5.110698633569112,4.211164423839629,0.0676244985601437,inner
0.2885804413921671,6.239652885668847,5.20435550592088,0.08306873752155536,inner
0.3181605905036223,5.304512876254649,4.720494159039128,0.10110163435239947,inner
0.25752395871133216,4.64503572713165,3.650192782633701,0.06626720787335075,inner
0.3088646780273341,5.611895595267303,3.9422239536012937,0.09514317745701205,inner
0.35304215095667607,5.354836332271726,3.880953917996382,0.12433515271981208,inner
0.276151602104554,7.720334415479138,4.961551221949357,0.07616605178127331,inner
0.2954976407461422,6.070347205229356,3.8880299327089864,0.08715807094540984,inner
0.3116548519790173,5.412497520508971,3.6864616898805616,0.09698088621351707,inner
0.2604702477888515,4.50785076018864,4.231279250594953,0.06763051032135343,inner
0.2834401095477117,6.649604693298157,4.654019116286368,0.0801714200876605,inner
0.31485245139597373,5.836273172467179,4.189694831198173,0.09902581847877132,inner
0.29956015613589143,4.133568538071262,3.476335537582072,0.08955090902539303,inner
0.2996957791966444,5.554329408984718,4.668788499019401,0.08971988316876195,inner
0.27186257918769036,6.659801770961758,5.14677750520476,0.07376858013530171,inner
0.2757570116966753,4.984386269196427,4.187568358830292,0.07585136671587425,inner
0.3205989730412489,5.0177805213769835,3.6839351566574154,0.1026580390407999,inner
0.2744337196120314,5.967247721183685,4.3036469045517745,0.07510492455183798,inner
0.2663488555905605,4.290470581450691,3.5316909242523273,0.07076515998792707,inner
0.2894697355152779,5.420506742608719,3.9964903120287305,0.08359949292980835,inner
0.29059737174007594,5.62053447305995,3.9809823009983414,0.08434433147603237,inner
0.2865141228773739,5.578290690195228,3.9214953201587823,0.08202762654990534,inner
0.25703661118265886,6.928225104081484,4.371220842075315,0.06584971762893285,inner
0.28240308710999323,5.818594760935971,4.516383483351033,0.07953536514751819,inner
0.30300199287318996,4.683154887467289,4.209347358436047,0.09163661002802806,inner
0.2485970562031021,4.2436934837599445,3.4290814764873225,0.06166516624039266,inner
0.2788715881012412,6.1697556575134636,4.518824397477066,0.07759455905025103,inner
0.33792060768938886,4.592817369202089,3.7291946909386366,0.1140551545759313,inner
0.27920947120805667,5.155194575273557,3.801271972445174,0.07781238917605673,inner
0.27857790204157673,5.039842213726344,3.55041622966693,0.0774625015352579,inner
0.3095742110564301,4.538627796594841,3.3171848726787294,0.09568704804999373,inner
0.27203972494987944,5.159406112086996,3.7748710782268007,0.07380104929817764,inner
0.28243518208112034,7.879046756982439,5.176687236708378,0.07969369146833845,inner
0.2816947852402259,7.666667315997902,5.190293462580568,0.07920589140734774,inner
0.2620621483873363,3.9100432216435133,3.3985519141475846,0.0684850421154867,inner
0.29660292206789296,5.375443567110503,4.180773983532095,0.0878525326816238,inner
0.284862075889806,6.085645497329263,4.353088336277859,0.08097013593031094,inner
0.2716039312628309,5.100707902381635,4.007592227879571,0.07358005482191085,inner
0.31742729725788876,5.252413763282215,4.279035124565235,0.1006573309380952,inner
0.27558413476789273,6.554405622416946,4.928740021777168,0.07584684537422964,inner
0.2636029608991611,4.551400635343526,3.5586203990116876,0.06925925403426378,inner
0.3156835504060733,6.454855823318881,4.904180845264225,0.09949502948116386,inner
0.30314654864170726,7.34133645999772,5.106999330795572,0.0917153260705805,inner
0.29066582551997444,4.527024841323587,3.9062781270018068,0.08435007876028161,inner
0.2701435684117354,5.121929263802328,4.203030126319306,0.07286985613867229,inner
0.2850383146811978,6.313812781526013,4.944202630129023,0.08105196193128571,inner
0.3064714840943201,6.150436370500143,4.59842842910362,0.09386434467121535,inner
0.2628041111413758,6.154178900068807,4.353786736773371,0.06893284678840517,inner
0.2775645056248845,6.007936297019489,4.84734233625065,0.07676448627092855,inner
0.3199011471169277,4.779856306266261,4.205831055455257,0.10221309337971518,inner
0.27664470137386427,5.015478379174635,3.8036324746255525,0.07631602171951277,inner
0.30707017008448245,6.51153653666209,4.281065478291944,0.09407212816190658,inner
0.34748126115381545,4.880507971276389,3.7831896322886545,0.12060380653778333,inner
0.2831229435066162,4.505905460366219,3.2891739077716813,0.0800468154072615,inner
0.2824756577100649,5.990207554485601,4.843571684765685,0.07970329456717612,inner
0.29506528928393566,6.1493596710350005,4.636909684161854,0.08692919683298334,inner
0.2548126128197339,5.035721610531927,4.010317187554203,0.0647718213484396,inner
0.2824676231441771,6.268147091655561,4.781603244577369,0.07969226522091133,inner
0.31382725418346363,5.299338162114074,4.303794795886166,0.09832076820088925,inner
0.29923221930773447,3.987791130181444,3.6353975050727354,0.08925393847996119,inner
0.3122520575324179,5.9151328339625335,4.761957980097992,0.09737450145459126,inner
0.29163887193173194,6.969384617171898,5.098535621420604,0.084974692461085,inner
0.2773004085667078,5.134953895345773,4.148445342556274,0.0767132012410945,inner
0.3134431004537693,5.076931587429429,3.705333362236434,0.09803636769386391,inner
0.2878889304140603,5.483741754028342,4.0342335343386475,0.08268047033642578,inner
0.2803454918406904,4.268304823653954,3.6444922263419794,0.07845963413638532,inner
0.2975833476442593,5.279482669965316,4.084576926303336,0.0884344876984432,inner
0.3007333304121343,5.922888875343059,4.342646160602666,0.09025297445338624,inner
0.28957741101458867,5.390580120592598,4.509945848631762,0.08374131020317854,inner
0.2524820923829233,6.064308937506914,3.8324542479372754,0.0636070664904883,inner
0.27717532724715804,6.227641757544458,4.777377518837402,0.07666189904334547,inner
0.3125658371482537,4.96584575767192,4.2364552354869,0.09754256386942699,inner
0.28098107144171147,4.866955932982501,3.7015736683677103,0.07889512726473352,inner
0.3030440924019292,5.69137277974071,4.237171198414395,0.09163372850771384,inner
0.34537565506387197,4.753882932636064,3.717835004871879,0.11900858987103191,inner
0.28800201211204285,5.278963462912747,3.9159000908579924,0.08279708231809607,inner
0.2771573024475172,5.801930931772415,4.74955658507854,0.07665562683847979,inner
0.30304292379589554,5.930730352149666,4.343854245114729,0.0916720492522779,inner
0.2688586258932839,6.104219067713954,4.446658724351599,0.07206070640730602,inner
0.2844060959928316,8.431030639310155,5.655408504906372,0.0807784369219792,inner
0.29298952081165874,7.998093777778699,5.489727583723338,0.08574655715161868,inner
0.2761368837147985,4.654122466905769,3.7347442488495486,0.07608984301563898,inner
0.31102722742545713,5.775331160659339,4.052166691912944,0.09660257656040462,inner
0.2904136820322149,6.370240564536304,4.33978923583532,0.0841597735924312,inner
0.2825231841339072,5.6971524110923095,4.417872962569951,0.07965981750766271,inner
0.33536248045967787,5.417928303566686,3.7978424126928,0.11234137589843776,inner
0.27934921400265605,6.855846472308297,4.559360785698732,0.07784582328510363,inner
0.2476142603124666,5.439523700122359,4.137396455143234,0.061171492110168854,inner
0.3005830862690895,6.232587824618575,4.590698844083762,0.09015709800040092,inner
0.30099833314507224,6.331811468148,4.584365674949462,0.0904942453685953,inner
0.2892720651118916,4.509526240922628,3.743724819010008,0.08360875040649374,inner
0.26932869120234026,4.817424215188823,3.9570120846545116,0.07233841383908823,inner
0.2857336556062028,4.949463195858841,3.941302440231127,0.08138467172640645,inner
0.29946631246225813,4.415471586618723,3.760565737279354,0.08953050946155588,inner
0.24677985632075197,4.94336948128005,3.4062820547799726,0.06081049456893868,inner
0.2773570862374893,7.2918271679453905,5.308362715407776,0.07673498647090554,inner
0.3368920199660578,5.056236552286494,4.370278689531954,0.1133628739834204,inner
0.28575674752754504,5.027514678552242,3.789779310448907,0.08152488988148643,inner
0.30206735403036317,5.253187744075209,3.816374394668774,0.09108341852701758,inner
0.3375883442862555,4.675267691333726,3.4148161064751434,0.11383311661436885,inner
0.2815559845919726,5.696638206416597,4.03612861899529,0.07913526468125795,inner
0.2962036177075654,6.755706446260095,4.689283691712226,0.0876092077905736,inner
0.2914171643168803,6.716692887631764,4.766303993076398,0.08475649736510177,inner
0.2582228950377271,3.965719165793877,3.307545257441676,0.06654463243875156,inner
0.303567040490771,5.542439744478936,4.688977562076752,0.09201095368945858,inner
0.3071144841609634,5.779130866960884,4.634815727892048,0.0941328034767947,inner
0.2887545477835112,4.26495303018063,3.3454077992792994,0.08320191017157902,inner
0.3151531951553342,4.057691688829413,3.211044258851775,0.09922799135014264,inner
0.27857911518950706,4.870471985236685,3.6326156655058846,0.07750629978439019,inner
0.2550377852460491,4.0993056945459605,3.6265435236882757,0.06484235060850513,inner
0.3109628295237439,4.639907530752836,3.730708580219984,0.09653708051253693,inner
0.28970561950177715,5.839735336518105,4.004450097314129,0.08370736631914148,inner
0.26685783605919255,4.663876388693573,3.616259202569347,0.07109391466453979,inner
0.29000974127941825,5.297657284698119,3.851263570607336,0.08401396129225658,inner
0.3067954622293254,5.185854678256569,3.865568523182716,0.09394218402522207,inner
0.3114627799842388,4.410147394802763,3.80764238319191,0.09695242339952488,inner
0.28354609089308036,4.480829228461113,3.517423545194018,0.08025309087324276,inner
0.28836974856383213,5.806349743822274,4.662895502119856,0.08291358981712882,inner
0.3059413057764736,5.059044501695309,4.395084868124754,0.09347186081071687,inner
0.27138923015989885,4.879342593680495,4.250175495847088,0.07347385419793001,inner
0.2896356936645491,5.188885664528164,3.9824230269943532,0.08372806639436285,inner
0.334971294423643,4.294089115586374,3.6810469733347504,0.11203500123240473,inner
0.29668556390571504,5.573183836656346,4.156066959282613,0.08790669512881671,inner
0.28678248179191085,5.5872459795037335,4.3262040023271,0.08215407600212514,inner
0.2947897605081606,5.166840755133202,4.208692725278255,0.08673868584783229,inner
0.2550505322338029,4.884810480008142,4.111660493350024,0.0649094291059792,inner
0.27413034925344065,7.152776104195925,5.24344884272775,0.0750468018843168,inner
0.28877483731198095,6.707919232147626,4.977540550124872,0.08329127608634607,inner
0.2826075375146101,3.9013984836569833,3.264709585291861,0.07962347838665787,inner
0.3265155295975619,5.03137673295824,4.288282458295975,0.10649898946949979,inner
0.30477227705868243,6.186303659374016,4.5942197611177455,0.0928459446782527,inner
0.27330431612807626,5.416741057434057,4.542525027562112,0.07447587108496737,inner
0.3364728875082561,5.021518386812482,3.6897228345251185,0.11292109113162191,inner
0.30116940387558855,5.999596368369481,3.9145881224782295,0.09057042627350814,inner
0.24173935018129994,4.071118432052923,3.368451617172282,0.05835641153200265,inner
0.29232569576678064,6.315851442700141,4.753713254011807,0.08529331840885226,inner
0.30794492631075643,6.077385910392061,4.512600844335911,0.09466423320783202,inner
0.29347405507957364,5.161491876863129,4.269072967700705,0.0859990864704083,inner
0.2669453572077912,6.139951280979875,4.693328133982332,0.07109671349124042,inner
0.27279146844362107,5.792458594229872,4.693378790216968,0.07424518038151312,inner
0.29959109890070423,5.315718816592628,4.273537154092021,0.08965494246562308,inner
0.26664206611094166,5.068064716615071,3.699598330196602,0.0710514566348401,inner
0.2830591307338569,6.262619494578239,4.817519612084354,0.07990247265436135,inner
0.3304237689081067,4.906738217732845,4.126951636273481,0.10888169650726479,inner
0.30404889933663054,5.3962370277499865,3.981157600205789,0.09237792290927381,inner
0.2982853904296748,5.403869872187467,4.0580820424254895,0.08885768415165984,inner
0.3222105320137946,4.749116122915424,4.159554458684445,0.10355536279752937,inner
0.28927113392541237,5.588946676409098,4.633204277379717,0.08342814927235653,inner
0.29108803046396964,5.931651601314314,4.333083637933865,0.08466083164764909,inner
0.29195557396701616,5.81696039565539,4.3202079167894425,0.08515864965084663,inner
0.2630468057023216,4.109409360721329,3.4710471449617533,0.06899530900496412,inner
0.3094172115832535,5.278591436940767,4.059602410124805,0.09565100272370114,inner
0.3027303358678324,5.657482334324942,4.149273161765015,0.09150387349908823,inner
